date,ticker,group,type,issuer,proxy,rule_ver,proxy_disp,proxy_tip,proxy_tail,d3,d1,listed_days,adtv,zero_vol,close3,sig,rsA,f1b,c1_ma200,above200,beta,r2,n_beta,proxy_measured,badges,table,reason,has_feats,p_sig,p_rsA,p_f1b,M,rank,backfill
2026-07-29,SPXL,A,ETF,Direxion,SPY,V2.3,SPY (exact ETF),"S&P 500® Index | 경로 exact 1x ETF: SPY (동일 지수 1x ETF) — (a) IDX_GSPC 은 R² 0.9925 < SPY 0.9981, 최근 252일 중 지수-ETF 일간 괴리>0.4% 2일(Yahoo 지수 봉 불량 의심)로 (b) 대체",,2026-07-29,2026-07-29,4458,448.46425684646607,0.0,250.1999969482422,0.1342077751882529,0.16337488171527825,0.06453028048300502,0.042796634146754275,1,2.9958,0.9981,252,2026-10-09,,순위,,1,0.046875,0.296875,0.390625,24.479166666666664,26.0,1
2026-07-29,UPRO,A,ETF,ProShares,SPY,V2.3,SPY (exact ETF),"S&P 500® Index | 경로 exact 1x ETF: SPY (동일 지수 1x ETF) — (a) IDX_GSPC 은 R² 0.9940 < SPY 0.9979, 최근 252일 중 지수-ETF 일간 괴리>0.4% 2일(Yahoo 지수 봉 불량 의심)로 (b) 대체",,2026-07-29,2026-07-29,4299,287.52929399894714,0.0,131.00999450683594,0.1342077751882529,0.16337488171527825,0.06453028048300502,0.042796634146754275,1,2.9852,0.9979,252,2026-10-09,,순위,,1,0.046875,0.296875,0.390625,24.479166666666664,26.0,1
2026-07-29,TQQQ,A,ETF,ProShares,IDX_NDX,V2.3,^NDX 지수 레벨,Nasdaq-100® Index | 경로 공식 지수 레벨: Yahoo ^NDX (가격수익 지수 레벨),,2026-07-29,2026-07-29,4140,4523.767047040691,0.0,57.75,0.2477277067658488,0.27480760402093596,0.11131249930359344,0.02722245079862895,1,2.9752,0.9986,252,2026-10-09,,순위,,1,0.59375,0.625,0.78125,66.66666666666666,9.0,1
2026-07-29,UDOW,A,ETF,ProShares,IDX_DJI,V2.3,^DJI 지수 레벨,Dow Jones Industrial Average SM | 경로 공식 지수 레벨: Yahoo ^DJI (가격수익 지수 레벨),,2026-07-29,2026-07-29,4140,107.07923626350403,0.0,66.70999908447266,0.1263199498715271,0.16381756540428283,0.05324056394476506,0.053270147469973717,1,2.9612,0.9973,252,2026-10-09,,순위,,1,0.0,0.34375,0.34375,22.916666666666664,28.0,1
2026-07-29,TNA,A,ETF,Direxion,IDX_RUT,V2.3,^RUT 지수 레벨,Russell 2000® Index | 경로 공식 지수 레벨: Yahoo ^RUT (가격수익 지수 레벨),,2026-07-29,2026-07-29,4448,296.0778699697113,0.0,65.87999725341797,0.18397206539362507,0.3339743557843369,0.0991987941236745,0.0879395036542272,1,2.9708,0.9967,252,2026-10-09,,순위,,1,0.296875,0.734375,0.703125,57.8125,12.0,1
2026-07-29,URTY,A,ETF,ProShares,IDX_RUT,V2.3,^RUT 지수 레벨,Russell 2000® Index | 경로 공식 지수 레벨: Yahoo ^RUT (가격수익 지수 레벨),,2026-07-29,2026-07-29,4140,37.07417913009643,0.0,76.63999938964844,0.18397206539362507,0.3339743557843369,0.0991987941236745,0.0879395036542272,1,2.9778,0.9958,252,2026-10-09,,순위,,1,0.296875,0.734375,0.703125,57.8125,12.0,1
2026-07-29,MIDU,A,ETF,Direxion,IDX_MID,V2.3,^MID 지수 레벨,S&P MidCap 400® Index | 경로 공식 지수 레벨: Yahoo ^MID (가격수익 지수 레벨),,2026-07-29,2026-07-29,4415,1.1999378407669068,0.0,67.27999877929688,0.14637632635287678,0.1922771772810743,0.07115321489731286,0.06499993442730467,1,2.9959,0.9976,252,2026-10-09,,순위,,1,0.140625,0.453125,0.484375,35.9375,21.0,1
2026-07-29,UMDD,A,ETF,ProShares,IDX_MID,V2.3,^MID 지수 레벨,S&P MidCap 400® Index | 경로 공식 지수 레벨: Yahoo ^MID (가격수익 지수 레벨),,2026-07-29,2026-07-29,4140,0.28829255323410036,0.0,33.75,0.14637632635287678,0.1922771772810743,0.07115321489731286,0.06499993442730467,1,3.0167,0.9947,252,2026-10-09,저유동,순위,,1,0.140625,0.453125,0.484375,35.9375,21.0,1
2026-07-29,HIBL,A,ETF,Direxion,SPHB,V2.3,SPHB (exact ETF),S&P 500® High Beta Index | 경로 exact 1x ETF: SPHB (동일 지수 1x ETF),,2026-07-29,2026-07-29,1688,6.0660406032562255,0.0,82.0,0.3363699109943998,0.4672861295574835,0.15385081080846486,0.059070885560535524,1,3.0158,0.9942,252,2026-10-09,,순위,,1,0.84375,0.84375,0.875,85.41666666666666,4.0,1
2026-07-29,SOXL,B,ETF,Direxion,SOXX,V2.3,SOXX (exact ETF),NYSE Semiconductor Index | 경로 exact 1x ETF: SOXX (동일 지수 1x ETF),,2026-07-29,2026-07-29,4121,10736.941623786126,0.0,91.98999786376952,0.6592552740801376,1.4998981712550865,0.4162314000165446,0.16077624391250223,1,2.9419,0.9984,252,2026-10-09,,순위,,1,1.0,1.0,1.0,100.0,1.0,1
2026-07-29,TECL,B,ETF,Direxion,XLK,V2.3,XLK (exact ETF),Technology Select Sector Index | 경로 exact 1x ETF: XLK (동일 지수 1x ETF),,2026-07-29,2026-07-29,4421,154.37624634620667,0.0,150.1199951171875,0.3411285298456409,0.40419579740755407,0.17957561332055771,0.07425518337825077,1,2.9862,0.9938,252,2026-10-09,,순위,,1,0.90625,0.78125,0.9375,87.5,3.0,1
2026-07-29,WEBL,B,ETF,Direxion,FDN,V2.3,FDN (exact ETF),Dow Jones Internet Composite Index | 경로 exact 1x ETF: FDN (동일 지수 1x ETF),,2026-07-29,2026-07-29,1688,4.877896057701111,0.0,23.399999618530273,0.20974698419653007,-0.03145732932086387,0.02663702414978264,0.019204097035323553,1,2.9811,0.9985,252,2026-10-09,,순위,,1,0.4375,0.0,0.21875,21.875,29.0,1
2026-07-29,CURE,B,ETF,Direxion,XLV,V2.3,XLV (exact ETF),Health Care Select Sector Index | 경로 exact 1x ETF: XLV (동일 지수 1x ETF),,2026-07-29,2026-07-29,3802,9.324626632766723,0.0,126.5199966430664,0.1824587416920179,0.18811452043763133,0.02259993363193935,0.092059807110483,1,2.9432,0.9941,252,2026-10-09,,순위,,1,0.25,0.40625,0.1875,28.125,24.0,1
2026-07-29,PILL,B,ETF,Direxion,XPH,V2.3,XPH (exact ETF),S&P Pharmaceuticals Select Industry Index | 경로 exact 1x ETF: XPH (동일 지수 1x ETF),,2026-07-29,2026-07-29,2185,1.5753929484939575,0.0,19.510000228881836,0.24355601453430575,0.5494634324869796,0.10906999855971078,0.20837094676947077,1,2.885,0.9838,252,2026-10-09,,순위,,1,0.5625,0.90625,0.75,73.95833333333334,8.0,1
2026-07-29,LABU,B,ETF,Direxion,XBI,V2.3,XBI (exact ETF),S&P Biotechnology Select Industry Index | 경로 exact 1x ETF: XBI (동일 지수 1x ETF),,2026-07-29,2026-07-29,2809,119.01935518356323,0.0,232.22999572753903,0.3057618953075193,0.8286935210427022,0.12411106069244449,0.15026601203129442,1,2.9859,0.9984,252,2026-10-09,,순위,,1,0.78125,0.9375,0.8125,84.375,5.0,1
2026-07-29,FAS,B,ETF,Direxion,XLF,V2.3,XLF (exact ETF),Financial Select Sector Index | 경로 exact 1x ETF: XLF (동일 지수 1x ETF),,2026-07-29,2026-07-29,4448,86.57225992477417,0.0,171.75,0.13892244615370772,0.01224800319609387,0.022284223714399864,0.07362820723981134,1,2.9374,0.9681,252,2026-10-09,,순위,,1,0.09375,0.03125,0.15625,9.375,33.0,1
2026-07-29,DPST,B,ETF,Direxion,KRE,V2.3,KRE (exact ETF),S&P Regional Banks Select Industry Index | 경로 exact 1x ETF: KRE (동일 지수 1x ETF),,2026-07-29,2026-07-29,2750,40.685735955200194,0.0,146.67999267578125,0.20222011493609,0.20798317242622444,0.07599368583075372,0.12423638981609009,1,2.9651,0.9945,252,2026-10-09,,순위,,1,0.40625,0.53125,0.53125,48.95833333333333,17.0,1
2026-07-29,DFEN,B,ETF,Direxion,ITA,V2.3,ITA (exact ETF),Dow Jones U.S. Select Aerospace & Defense Index | 경로 exact 1x ETF: ITA (동일 지수 1x ETF),,2026-07-29,2026-07-29,2322,13.123282389640808,0.0,72.2699966430664,0.2594189929829065,0.20742237413810583,0.040763113459054034,0.04829004987229224,1,2.9985,0.9811,252,2026-10-09,,순위,,1,0.65625,0.5,0.25,46.875,18.0,1
2026-07-29,DUSL,B,ETF,Direxion,XLI,V2.3,XLI (exact ETF),Industrials Select Sector Index | 경로 exact 1x ETF: XLI (동일 지수 1x ETF),,2026-07-29,2026-07-29,2322,1.4247054736709595,0.0,89.79000091552734,0.19577611109033216,0.18283606889100046,0.06624704232259537,0.05781139664530577,1,2.9603,0.959,252,2026-10-09,,순위,,1,0.375,0.375,0.4375,39.58333333333333,19.0,1
2026-07-29,TPOR,B,ETF,Direxion,TPOR_1X,V2.3,IYT (exact) + ^DJT (~2022-07),"S&P Transportation Select Industry FMC Capped Index | 경로 exact 1x ETF + 지수 레벨(구간 분할): IYT(exact: S&P Transportation Select Industry FMC Capped, 2021-07-19~) + 2022-07-29 이전은 ^DJT",,2026-07-29,2026-07-29,2322,0.9959788319015503,0.0,40.400001525878906,0.22152886471528274,0.23196964202338877,0.09074182351270088,0.09129410843414187,1,2.9085,0.9921,252,2026-10-09,저유동,순위,,1,0.5,0.5625,0.625,56.25,14.0,1
2026-07-29,RETL,B,ETF,Direxion,XRT,V2.3,XRT (exact ETF),S&P Retail Select Industry Index | 경로 exact 1x ETF: XRT (동일 지수 1x ETF),,2026-07-29,2026-07-29,4035,3.9390706607580186,0.0,10.079999923706056,0.22488126367973593,0.0775640458732183,0.014301337361735111,0.07526188243262966,1,2.9469,0.9958,252,2026-10-09,,순위,,1,0.53125,0.15625,0.125,27.083333333333332,25.0,1
2026-07-29,WANT,B,ETF,Direxion,XLY,V2.3,XLY (exact ETF),Consumer Discretionary Select Sector Index | 경로 exact 1x ETF: XLY (동일 지수 1x ETF),,2026-07-29,2026-07-29,1924,0.9805881466865539,0.0,36.459999084472656,0.21249842501812952,0.035635392512088915,-0.008150310081714851,-0.046881373478029675,0,2.9565,0.9974,252,2026-10-09,저유동,순위,,1,0.46875,0.09375,0.0625,20.833333333333336,30.0,1
2026-07-29,NAIL,B,ETF,Direxion,ITB,V2.3,ITB (exact ETF),Dow Jones U.S. Select Home Construction Index | 경로 exact 1x ETF: ITB (동일 지수 1x ETF),,2026-07-29,2026-07-29,2751,43.878071807861325,0.0,39.869998931884766,0.3372278870492925,0.032780402421580535,-0.025637059841794763,-0.024552315367356026,0,2.9754,0.997,252,2026-10-09,,순위,,1,0.875,0.0625,0.03125,32.29166666666667,23.0,1
2026-07-29,DRN,B,ETF,Direxion,XLRE,V2.3,XLRE (exact ETF),Real Estate Select Sector Index | 경로 exact 1x ETF: XLRE (동일 지수 1x ETF),,2026-07-29,2026-07-29,4285,9.226853206486702,0.0,11.829999923706056,0.15860827814459552,0.06825205669338774,0.04732208926850445,0.07829609961807105,1,2.9546,0.9804,252,2026-10-09,,순위,,1,0.1875,0.125,0.3125,20.833333333333336,30.0,1
2026-07-29,UTSL,B,ETF,Direxion,XLU,V2.3,XLU (exact ETF),Utilities Select Sector Index | 경로 exact 1x ETF: XLU (동일 지수 1x ETF),,2026-07-29,2026-07-29,2322,4.250990999908447,0.0,43.790000915527344,0.16692732119551112,0.10069358876323986,0.00215990191419535,0.0007871909040624292,1,2.9651,0.9876,252,2026-10-09,,순위,,1,0.21875,0.21875,0.09375,17.708333333333336,32.0,1
2026-07-29,FNGU,C,ETN,BMO MicroSectors,IDX_NYFANGT,V2.3,NYFANGT 지수 레벨(발행사 공시),NYSE FANG+(R) Index - gross total return version | 경로 공식 지수 레벨: microsectors.com nyfangt_index1.json (발행사 공시 지수 레벨); 연장: ~2017-09-25 ^NYFANG(가격수익) | 연장 ~2017-09-25 ^NYFANG(가격수익),공식 레벨 2026-10-07까지 + 1일 연장(^NYFANG),2026-07-29,2026-07-29,361,121.33210716769219,0.0,23.440000534057617,0.26612568802167735,0.10795285645771124,0.07727941200685873,0.02737604739638244,1,2.9488,0.9974,252,2026-10-09,,순위,,1,0.6875,0.25,0.5625,50.0,16.0,1
2026-07-29,BULZ,C,ETN,BMO MicroSectors,IDX_SOLFANGT,V2.3,SOLFANGT 지수 레벨(발행사 공시),Solactive FANG Innovation Index | 경로 공식 지수 레벨: microsectors.com solfangt_index1.json (발행사 공시 지수 레벨); 연장: ~2021-06-07 SG 인증서 DE000SL0DF12 | 연장 ~2021-06-07 SG 인증서 DE000SL0DF12,공식 레벨 2026-10-07까지 + 1일 연장(DE000SL0DF12.SG),2026-07-29,2026-07-29,1241,28.716683618030547,0.0,24.6299991607666,0.33337640380420264,0.4273042292111775,0.15622218620295092,0.007337292057290723,1,2.9755,0.9983,252,2026-10-09,,순위,,1,0.8125,0.8125,0.90625,84.375,5.0,1
2026-07-29,BNKU,C,ETN,BMO MicroSectors,IDX_SOLUSBBT,V2.3,SOLUSBBT 지수 레벨(발행사 공시),Solactive MicroSectors(TM) U.S. Big Banks Index - gross total return version | 경로 공식 지수 레벨: microsectors.com solusbbt_index1.json (발행사 공시 지수 레벨); 연장: ~2019-01-24 SG 인증서 DE000SLA7WC8 | 연장 ~2019-01-24 SG 인증서 DE000SLA7WC8,공식 레벨 2026-10-07까지 + 1일 연장(DE000SLA7WC8.SG),2026-07-29,2026-07-29,361,0.6676700631523133,0.0,41.02899932861328,0.19504484917571813,0.2881524241632021,0.0988795536762781,0.12665073429054297,1,2.9494,0.9761,252,2026-10-09,저유동,순위,,1,0.34375,0.65625,0.65625,55.208333333333336,15.0,1
2026-07-29,NRGU,C,ETN,BMO MicroSectors,IDX_SOLUSBOT,V2.3,SOLUSBOT 지수 레벨(발행사 공시),Solactive MicroSectors(TM) U.S. Big Oil Index - gross total return version | 경로 공식 지수 레벨: microsectors.com solusbot_index1.json (발행사 공시 지수 레벨); 연장: ~2019-03-11 SG 인증서 DE000SLA7WX4 | 연장 ~2019-03-11 SG 인증서 DE000SLA7WX4,공식 레벨 2026-10-07까지 + 1일 연장(DE000SLA7WX4.SG),2026-07-29,2026-07-29,361,4.0721718436241146,0.0,42.33000183105469,0.2971390516353129,0.29470005414565903,0.12651509726912424,0.2059737797056289,1,3.0159,0.9812,252,2026-10-09,,순위,,1,0.75,0.6875,0.84375,76.04166666666666,7.0,1
2026-07-29,OILU,C,ETN,BMO MicroSectors,IDX_SOLOILT,V2.3,SOLOILT 지수 레벨(발행사 공시),Solactive MicroSectors(TM) Oil & Gas Exploration & Production Index | 경로 공식 지수 레벨: microsectors.com soloilt_index1.json (발행사 공시 지수 레벨); 연장: ~2021-10-19 SG 인증서 DE000SL0EDX2 | 연장 ~2021-10-19 SG 인증서 DE000SL0EDX2,공식 레벨 2026-10-07까지 + 1일 연장(DE000SL0EDX2.SG),2026-07-29,2026-07-29,1183,8.354374550313949,0.0,43.0,0.25197106702196204,0.24092493795902792,0.0862821783992378,0.12694713256992207,1,3.0145,0.996,252,2026-10-09,,순위,,1,0.625,0.59375,0.59375,60.416666666666664,11.0,1
2026-07-29,GDXU,C,ETN,BMO MicroSectors,IDX_MINERS,V2.3,MINERS 지수 레벨(발행사 공시),S-Network MicroSectors(TM) Gold Miners Index | 경로 공식 지수 레벨: microsectors.com miners_index1.json (발행사 공시 지수 레벨); 연장: ~2020-08-19 GDX/GDXJ 구성 복제(Adj Close) | 연장 ~2020-08-19 GDX/GDXJ 구성 복제(Adj Close),공식 레벨 2026-10-07까지 + 1일 연장(GDXU),2026-07-29,2026-07-29,1418,119.86672653133392,0.0,74.66000366210938,0.5234650274774414,0.47050184945362816,-0.09378451014346312,-0.1607790972422759,0,2.9596,0.9989,252,2026-10-09,,순위,,1,0.96875,0.875,0.0,61.458333333333336,10.0,1
2026-07-29,AIQU,C,ETN,BMO MicroSectors,IDX_BAILSN,V2.3,BAILSN 지수 레벨(발행사 공시),BITA AI Leaders Select NTR US Index | 경로 공식 지수 레벨: microsectors.com bailsn_index1.json (발행사 공시 지수 레벨); 연장: ~2026-05-14 25종 복제 | 연장 ~2026-05-14 25종 복제,공식 레벨 2026-10-07까지 + 1일 연장(AIQU),2026-07-29,2026-07-29,40,0.0958691992855072,0.0,11.8100004196167,0.34944205755051544,0.8930777063071915,0.2909066024250033,0.16484614752263727,1,2.998,0.9948,88,2026-10-09,신규 · 저유동,순위,,1,0.9375,0.96875,0.96875,95.83333333333334,2.0,1
2026-07-29,SMHU,C,ETN,BMO MicroSectors,IDX_SEMIS,V2.3,SEMIS 지수 레벨(발행사 공시),VettaFi Semiconductor Fund-Tracking Index | 경로 공식 지수 레벨: microsectors.com semis_index1.json (발행사 공시 지수 레벨); 연장: ~2026-07-10 SMH 총수익(Adj Close; SEMIS 의 정의) | 연장 ~2026-07-10 SMH 총수익(Adj Close; SEMIS 의 정의),공식 레벨 2026-10-07까지 + 1일 연장(SMH),,2026-07-29,0,,,,0.5478399750624909,1.1754449879366167,0.33066422323518196,0.12502757781142226,1,2.9589,0.9938,45,2026-10-09,표본부족 · 신규 · 저유동,⚠,최신 확정 봉이 기준일(2026-07-29)과 다름: 3배 없음 / 1x 2026-07-29,1,,,,,,1
2026-07-29,MNGU,C,ETN,BMO MicroSectors,IDX_MANGOSN,V2.3,MANGOSN 지수 레벨(발행사 공시),NYSE(R) MaNGoS+ Index - net total return version | 경로 공식 지수 레벨: microsectors.com mangosn_index1.json (발행사 공시 지수 레벨); 연장: ~2026-08-18 10종 복제 | 연장 ~2026-08-18 10종 복제,공식 레벨 2026-10-07까지 + 1일 연장(MNGU),,2026-07-29,0,,,,0.4240151895668456,0.8441949172468752,0.25299939028908747,0.15526236690621986,1,3.0745,0.9933,28,2026-10-09,표본부족 · 신규 · 저유동,⚠,최신 확정 봉이 기준일(2026-07-29)과 다름: 3배 없음 / 1x 2026-07-29,1,,,,,,1
2026-07-29,XLCU,C,ETN,BMO MicroSectors,IDX_VXLCF,V2.3,VXLCF 지수 레벨(발행사 공시),VettaFi US Communications Fund-Tracking Index | 경로 공식 지수 레벨: microsectors.com vxlcf_index1.json (발행사 공시 지수 레벨); 연장: ~2026-07-10 XLC 총수익(Adj Close; VXLCF 의 정의) | 연장 ~2026-07-10 XLC 총수익(Adj Close; VXLCF 의 정의),공식 레벨 2026-10-07까지 + 1일 연장(XLC),,2026-07-29,0,,,,0.17424678681165975,0.020522397246089508,-0.024626141379191835,-0.038119008447473846,0,2.5863,0.5549,18,2026-10-09,표본부족 · 신규 · 저유동,⚠,최신 확정 봉이 기준일(2026-07-29)과 다름: 3배 없음 / 1x 2026-07-29,1,,,,,,1
2026-07-29,XLPU,C,ETN,BMO MicroSectors,IDX_VXLPF,V2.3,VXLPF 지수 레벨(발행사 공시),VettaFi US Consumer Staples Fund-Tracking Index | 경로 공식 지수 레벨: microsectors.com vxlpf_index1.json (발행사 공시 지수 레벨); 연장: ~2026-07-10 XLP 총수익(Adj Close; VXLPF 의 정의) | 연장 ~2026-07-10 XLP 총수익(Adj Close; VXLPF 의 정의),공식 레벨 2026-10-07까지 + 1일 연장(XLP),,2026-07-29,0,,,,0.17005287100603103,0.07500574133361959,0.03223751339106218,0.07332925557216563,1,1.2518,0.3004,18,2026-10-09,표본부족 · 신규 · 저유동,⚠,최신 확정 봉이 기준일(2026-07-29)과 다름: 3배 없음 / 1x 2026-07-29,1,,,,,,1
2026-07-29,FLYU,C,ETN,BMO MicroSectors,IDX_MQUSTRAV,V2.3,MQUSTRAV 지수 레벨(발행사 공시),MerQube MicroSectors(TM) U.S. Travel Index | 경로 공식 지수 레벨: microsectors.com mqustrav_index1.json (발행사 공시 지수 레벨); 연장: ~2021-10-29 34종 복제 | 연장 ~2021-10-29 34종 복제,공식 레벨 2026-10-07까지 + 1일 연장(FLYU),2026-07-29,2026-07-29,1029,0.03818365522384644,0.0,49.14500045776367,0.2829501193417862,0.09943503494720862,0.04482944074285555,0.08195967696325512,1,2.9987,0.9971,252,2026-10-09,저유동,순위,,1,0.71875,0.1875,0.28125,39.58333333333333,19.0,1
