date,ticker,group,type,issuer,proxy,approx,d3,d1,listed_days,adtv,zero_vol,close3,sig,rsA,f1b,c1_ma200,above200,beta,r2,n_beta,proxy_measured,table,reason,has_feats,p_sig,p_rsA,p_f1b,M,rank,backfill
2026-08-24,SPXL,A,ETF,Direxion,SPY,0,2026-08-24,2026-08-24,4476,509.1994183599854,0.0,284.07000732421875,0.13896483384968863,0.16266227184082438,0.06254118200609704,0.07836942452274998,1,3.0,0.998,252,2026-10-09,적격,,1,0.10869565217391304,0.41304347826086957,0.5,34.05797101449276,15.0,1
2026-08-24,UPRO,A,ETF,ProShares,SPY,0,2026-08-24,2026-08-24,4317,308.2670132120514,0.0,148.5800018310547,0.13896483384968863,0.16266227184082438,0.06254118200609704,0.07836942452274998,1,2.99,0.998,252,2026-10-09,적격,,1,0.10869565217391304,0.41304347826086957,0.5,34.05797101449276,15.0,1
2026-08-24,TQQQ,A,ETF,ProShares,QQQ,0,2026-08-24,2026-08-24,4158,4106.665450161991,0.0,69.01000213623047,0.2608022071189999,0.21472437310240355,0.09186918432552682,0.08129748611993004,1,2.97,0.999,252,2026-10-09,적격,,1,0.6956521739130435,0.5652173913043478,0.6956521739130435,65.21739130434781,6.0,1
2026-08-24,UDOW,A,ETF,ProShares,DIA,0,2026-08-24,2026-08-24,4158,121.94139452388764,0.0,73.43000030517578,0.12858784742530902,0.15807566833119568,0.06068666234954212,0.07607826333220458,1,2.98,0.998,252,2026-10-09,적격,,1,0.0,0.34782608695652173,0.43478260869565216,26.08695652173913,19.0,1
2026-08-24,TNA,A,ETF,Direxion,IWM,0,2026-08-24,2026-08-24,4466,273.40263173599243,0.0,71.66999816894531,0.16858056091042264,0.28853392864016003,0.09859192660558569,0.1028104176166249,1,2.97,0.996,252,2026-10-09,적격,,1,0.2826086956521739,0.7608695652173914,0.7608695652173914,60.14492753623188,7.0,1
2026-08-24,URTY,A,ETF,ProShares,IWM,0,2026-08-24,2026-08-24,4158,29.712021439323426,0.0,83.37000274658203,0.16858056091042264,0.28853392864016003,0.09859192660558569,0.1028104176166249,1,2.98,0.995,252,2026-10-09,적격,,1,0.2826086956521739,0.7608695652173914,0.7608695652173914,60.14492753623188,7.0,1
2026-08-24,MIDU,A,ETF,Direxion,IJH,0,2026-08-24,2026-08-24,4433,0.913452689857483,0.0,70.5199966430664,0.13796080041069866,0.19416856945607708,0.07076501529258272,0.06979345634155498,1,2.97,0.996,252,2026-10-09,대기,E2 20일 평균 거래대금 $0.91M<$1.0M,1,0.08333333333333333,0.5,0.5416666666666666,37.5,,1
2026-08-24,UMDD,A,ETF,ProShares,IJH,0,2026-08-24,2026-08-24,4158,0.20160120077133178,0.0,35.40999984741211,0.13796080041069866,0.19416856945607708,0.07076501529258272,0.06979345634155498,1,2.99,0.992,252,2026-10-09,대기,E2 20일 평균 거래대금 $0.20M<$1.0M,1,0.08333333333333333,0.5,0.5416666666666666,37.5,,1
2026-08-24,HIBL,A,ETF,Direxion,SPHB,0,2026-08-24,2026-08-24,1706,4.801439466781616,0.0,102.5,0.34802369440610015,0.39091435974849453,0.13287463635921704,0.11836958252100294,1,3.01,0.994,252,2026-10-09,적격,,1,0.8695652173913043,0.8695652173913043,0.8260869565217391,85.50724637681158,4.0,1
2026-08-24,SOXL,B,ETF,Direxion,SOXX,0,2026-08-24,2026-08-24,4139,8912.226132888603,0.0,111.16000366210938,0.6532668722180687,1.1744925253276945,0.32084269392555353,0.19999106552660084,1,2.94,0.998,252,2026-10-09,적격,,1,1.0,1.0,1.0,100.0,1.0,1
2026-08-24,TECL,B,ETF,Direxion,XLK,0,2026-08-24,2026-08-24,4439,130.9520200455475,0.0,184.2100067138672,0.35544383071226376,0.35861884357581464,0.1539837906653303,0.13554018655161526,1,2.99,0.994,252,2026-10-09,적격,,1,0.9130434782608695,0.8260869565217391,0.9130434782608695,88.40579710144927,3.0,1
2026-08-24,WEBL,B,ETF,Direxion,FDN,0,2026-08-24,2026-08-24,1706,4.358437509460449,0.0,28.290000915527344,0.23229057549158447,-0.032554211827048984,0.04091519498723972,0.08856905500584666,1,2.98,0.999,252,2026-10-09,적격,,1,0.5652173913043478,0.08695652173913043,0.21739130434782608,28.985507246376812,18.0,1
2026-08-24,CURE,B,ETF,Direxion,XLV,0,2026-08-24,2026-08-24,3820,9.626120405387878,0.0,144.9600067138672,0.1996174569464895,0.1862960835438785,0.05038788793407867,0.1319044266503684,1,2.95,0.994,252,2026-10-09,적격,,1,0.43478260869565216,0.4782608695652174,0.30434782608695654,40.57971014492754,14.0,1
2026-08-24,PILL,B,ETF,Direxion,XPH,0,2026-08-24,2026-08-24,2203,1.165091156835556,0.0,22.6200008392334,0.24063672349073498,0.45409795878184056,0.15206319797750534,0.2352760749954852,1,2.89,0.984,252,2026-10-09,적격,,1,0.6086956521739131,0.9130434782608695,0.8695652173913043,79.71014492753623,5.0,1
2026-08-24,LABU,B,ETF,Direxion,XBI,0,2026-08-24,2026-08-24,2827,117.5233318736267,0.0,308.3299865722656,0.32088267166568757,0.6734875310474449,0.15765600350978937,0.2346964818848869,1,2.99,0.998,252,2026-10-09,적격,,1,0.782608695652174,0.9565217391304348,0.9565217391304348,89.85507246376812,2.0,1
2026-08-24,FAS,B,ETF,Direxion,XLF,0,2026-08-24,2026-08-24,4466,56.58323960205078,0.0,184.22999572753903,0.1342309985290834,0.06850095935653666,0.053403292783963385,0.09330461183223338,1,2.94,0.968,252,2026-10-09,적격,,1,0.043478260869565216,0.17391304347826086,0.34782608695652173,18.840579710144926,23.0,1
2026-08-24,DPST,B,ETF,Direxion,KRE,0,2026-08-24,2026-08-24,2768,35.7443457257843,0.0,136.97999572753906,0.1904163833994428,0.22560288452598543,0.08909690150643912,0.08037417494845434,1,2.97,0.995,252,2026-10-09,적격,,1,0.391304347826087,0.6086956521739131,0.6521739130434783,55.072463768115945,10.0,1
2026-08-24,DFEN,B,ETF,Direxion,ITA,0,2026-08-24,2026-08-24,2340,13.203701128349303,0.0,68.44999694824219,0.25461888023603685,0.23173979852231752,0.056315805836761434,0.02156421421721988,1,3.0,0.981,252,2026-10-09,적격,,1,0.6521739130434783,0.6521739130434783,0.391304347826087,56.52173913043478,9.0,1
2026-08-24,DUSL,B,ETF,Direxion,XLI,0,2026-08-24,2026-08-24,2340,1.0022344494247437,0.0,92.20999908447266,0.18715474945745098,0.21223793828514181,0.0717281283946618,0.05478208274150731,1,2.96,0.959,252,2026-10-09,적격,,1,0.34782608695652173,0.5217391304347826,0.5652173913043478,47.826086956521735,13.0,1
2026-08-24,TPOR,B,ETF,Direxion,IYT,0,2026-08-24,2026-08-24,2340,0.5607089000701905,0.0,41.33000183105469,0.1874542734280708,0.2508170130395748,0.08648075580841597,0.08558060670333556,1,2.91,0.992,252,2026-10-09,대기,E2 20일 평균 거래대금 $0.56M<$1.0M,1,0.375,0.6666666666666666,0.625,55.55555555555555,,1
2026-08-24,RETL,B,ETF,Direxion,XRT,0,2026-08-24,2026-08-24,4053,3.4601104354572296,0.0,9.149999618530272,0.21398174262069214,0.045918975630693026,0.03425553140729165,0.038843497935389104,1,2.95,0.996,252,2026-10-09,적격,,1,0.4782608695652174,0.13043478260869565,0.17391304347826086,26.08695652173913,19.0,1
2026-08-24,WANT,B,ETF,Direxion,XLY,0,2026-08-24,2026-08-24,1942,1.2980653397750854,0.0,42.54999923706055,0.22159125995737147,-0.03275422597914257,-0.007154709951519567,0.010750031601301613,1,2.96,0.997,252,2026-10-09,적격,,1,0.5217391304347826,0.043478260869565216,0.043478260869565216,20.289855072463766,22.0,1
2026-08-24,NAIL,B,ETF,Direxion,ITB,0,2026-08-24,2026-08-24,2769,48.19626165485382,0.0,40.13999938964844,0.3335950481393816,-0.09498510959503048,-0.000715728899380208,-0.00841848103826559,0,2.98,0.997,252,2026-10-09,적격,,1,0.8260869565217391,0.0,0.08695652173913043,30.434782608695656,17.0,1
2026-08-24,DRN,B,ETF,Direxion,XLRE,0,2026-08-24,2026-08-24,4303,7.89789672103405,0.0,11.260000228881836,0.16018436959720136,0.10244722712330279,0.04560726835274864,0.05618547025957388,1,2.95,0.98,252,2026-10-09,적격,,1,0.17391304347826086,0.2608695652173913,0.2608695652173913,23.18840579710145,21.0,1
2026-08-24,UTSL,B,ETF,Direxion,XLU,0,2026-08-24,2026-08-24,2340,7.204094056758881,0.0,38.56999969482422,0.1623508813250607,0.08179481012186529,0.0015389042870492808,-0.03396864636326358,0,2.97,0.988,252,2026-10-09,적격,,1,0.21739130434782608,0.21739130434782608,0.13043478260869565,18.840579710144926,23.0,1
2026-08-24,FNGU,C,ETN,BMO MicroSectors,FNGS,1,2026-08-24,2026-08-24,379,121.97882760947228,0.0,30.690000534057617,0.2797377174042755,0.11940528296286601,0.08063508257268692,0.12074025583558412,1,2.86,0.97,252,2026-10-09,적격,,1,0.7391304347826086,0.30434782608695654,0.6086956521739131,55.072463768115945,10.0,1
2026-08-24,BULZ,C,ETN,BMO MicroSectors,QQQ,1,2026-08-24,2026-08-24,1259,26.81491140152931,0.0,34.61000061035156,0.2608022071189999,0.21472437310240355,0.09186918432552682,0.08129748611993004,1,4.16,0.885,252,2026-10-09,대기,"E4 1x 대리 품질 미달(β 4.16, R² 0.89, n=252)",1,0.6875,0.5625,0.6875,64.58333333333334,,1
2026-08-24,BNKU,C,ETN,BMO MicroSectors,KBWB,1,2026-08-24,2026-08-24,379,0.2698102042388916,0.0,44.59000015258789,0.19163086950982006,0.3093915374413645,0.10619719644881465,0.10764872511038193,1,2.78,0.913,252,2026-10-09,대기,E2 20일 평균 거래대금 $0.27M<$1.0M,1,0.4166666666666667,0.7916666666666666,0.7916666666666666,66.66666666666666,,1
2026-08-24,NRGU,C,ETN,BMO MicroSectors,XLE,1,2026-08-24,2026-08-24,379,3.0269156997489928,0.0,54.2400016784668,0.22805742249186323,0.38041215159973074,0.06720251085633078,0.16877947137821137,1,3.51,0.906,252,2026-10-09,대기,"E4 1x 대리 품질 미달(β 3.51, R² 0.91, n=252)",1,0.5416666666666666,0.8333333333333334,0.5416666666666666,63.888888888888886,,1
2026-08-24,OILU,C,ETN,BMO MicroSectors,XOP,0,2026-08-24,2026-08-24,1201,5.666504572105408,0.0,52.29999923706055,0.29645309320676266,0.3995657944478179,0.07670988802231538,0.1950538808401967,1,2.13,0.849,252,2026-10-09,대기,"E4 1x 대리 품질 미달(β 2.13, R² 0.85, n=252)",1,0.75,0.875,0.5833333333333334,73.61111111111111,,1
2026-08-24,GDXU,C,ETN,BMO MicroSectors,GDX,0,2026-08-24,2026-08-24,1436,224.02887013591766,0.0,188.6199951171875,0.5408842420106685,0.26884807210774975,-0.08777213710637422,0.1670489698961446,1,3.03,0.997,252,2026-10-09,적격,,1,0.9565217391304348,0.6956521739130435,0.0,55.072463768115945,10.0,1
2026-08-24,AIQU,C,ETN,BMO MicroSectors,AIQ,1,2026-08-24,2026-08-24,58,0.2554387015581131,0.0,16.09000015258789,0.3956388185485221,0.32133085986560417,0.12602508245600053,0.12545782220395352,1,2.64,0.801,89,2026-10-09,대기,"E1 상장 58거래일<252; E2 20일 평균 거래대금 $0.26M<$1.0M; E4 1x 대리 품질 미달(β 2.64, R² 0.80, n=89)",1,0.9166666666666666,0.7916666666666666,0.7916666666666666,83.33333333333334,,1
2026-08-24,SMHU,C,ETN,BMO MicroSectors,SMH,0,2026-08-24,2026-08-24,15,0.2946971993128459,0.0,24.34000015258789,0.5418644768479682,0.9522368994751202,0.2561917528996067,0.16808027708148687,1,2.96,0.994,46,2026-10-09,대기,"E1 상장 15거래일<252; E2 20일 평균 거래대금 $0.29M<$1.0M; E4 1x 대리 품질 미달(β 2.96, R² 0.99, n=46)",1,0.9583333333333334,0.9583333333333334,0.9583333333333334,95.83333333333334,,1
2026-08-24,MNGU,C,ETN,BMO MicroSectors,QQQ,1,,2026-08-24,0,,,,0.2608022071189999,0.21472437310240355,0.09186918432552682,0.08129748611993004,1,4.03,0.907,29,2026-10-09,⚠,"최신 확정 봉이 기준일(2026-08-24)과 다름: 3배 없음 / 1x 2026-08-24; E1 상장 0거래일<252; E2 거래대금 산출 불가; E3 최근 20봉 무거래 nan봉>1; E4 1x 대리 품질 미달(β 4.03, R² 0.91, n=29)",1,0.6875,0.5625,0.6875,64.58333333333334,,1
2026-08-24,XLCU,C,ETN,BMO MicroSectors,XLC,0,,2026-08-24,0,,,,0.20172153497778403,-0.03125854552303775,-0.03539600607237803,-0.01506774728874638,0,,,18,2026-10-09,⚠,최신 확정 봉이 기준일(2026-08-24)과 다름: 3배 없음 / 1x 2026-08-24; E1 상장 0거래일<252; E2 거래대금 산출 불가; E3 최근 20봉 무거래 nan봉>1; E4 1x 대리 품질 미달(표본 18<60),1,0.4583333333333333,0.125,0.041666666666666664,20.83333333333333,,1
2026-08-24,XLPU,C,ETN,BMO MicroSectors,XLP,0,,2026-08-24,0,,,,0.17973594420219893,0.02012848318350846,0.022689439921325993,0.054439548726834985,1,,,18,2026-10-09,⚠,최신 확정 봉이 기준일(2026-08-24)과 다름: 3배 없음 / 1x 2026-08-24; E1 상장 0거래일<252; E2 거래대금 산출 불가; E3 최근 20봉 무거래 nan봉>1; E4 1x 대리 품질 미달(표본 18<60),1,0.3333333333333333,0.125,0.16666666666666666,20.833333333333336,,1
2026-08-24,FLYU,C,ETN,BMO MicroSectors,JETS,1,2026-08-24,2026-08-24,1047,0.034959949951171874,0.0,50.70600128173828,0.33708472004747214,0.2068965411755186,0.11552648764134221,0.05233663708785152,1,2.03,0.741,252,2026-10-09,대기,"E2 20일 평균 거래대금 $0.03M<$1.0M; E4 1x 대리 품질 미달(β 2.03, R² 0.74, n=252)",1,0.8333333333333334,0.5,0.7916666666666666,70.83333333333334,,1
