ticker,index_name,index_name_source,first_bar,splits_yf,yf_longName,index_provider,index_weighting,index_rebalance,index_return_type,onex_path,onex_exact,onex_index_doc,onex_series,onex_extension,onex_note
SPXL,S&P 500® Index,발행사 1차: https://www.sec.gov/Archives/edgar/data/1424958/000119312526078624/d230576d497k.htm (확인 2026-10-09),2008-11-05,2013-04-02 정분할 3:1; 2017-05-01 정분할 4:1,Direxion Daily S&P500 Bull 3X Shares,S&P Dow Jones Indices LLC (SPDJI),"float-adjusted market-cap weighted (""float-adjusted and market capitalization-weighted index"")","""The Index is rebalanced quarterly""",[부재] 발행사 문서 미명시,exact 1x ETF,exact,SPY: S&P 500 Index,"SPY (동일 지수 1x ETF) — (a) IDX_GSPC 은 R² 0.9925 < SPY 0.9981, 최근 252일 중 지수-ETF 일간 괴리>0.4% 2일(Yahoo 지수 봉 불량 의심)로 (b) 대체",, | (a) IDX_GSPC 대체: 불량 봉 2일
UPRO,S&P 500® Index,발행사 1차: https://www.sec.gov/Archives/edgar/data/1174610/000117461026001031/f46114d1.htm (확인 2026-10-09),2009-06-25,2011-02-25 정분할 3:1; 2013-06-10 정분할 2:1; 2015-05-20 정분할 2:1; 2018-05-24 정분할 3:1; 2022-01-13 정분할 2:1,ProShares UltraPro S&P500,"S&P Dow Jones Indices LLC - 497K: ""The Index is constructed and maintained by S&P Dow Jon…","""weighted based on market capitalization"" (500 of the largest U.S. companies)","""composition and the assigned weights are reevaluated every September with additional weight adjustments in March, June, and December""",[부재] 발행사 문서 미명시,exact 1x ETF,exact,SPY: S&P 500 Index,"SPY (동일 지수 1x ETF) — (a) IDX_GSPC 은 R² 0.9940 < SPY 0.9979, 최근 252일 중 지수-ETF 일간 괴리>0.4% 2일(Yahoo 지수 봉 불량 의심)로 (b) 대체",, | (a) IDX_GSPC 대체: 불량 봉 2일
TQQQ,Nasdaq-100® Index,발행사 1차: https://www.sec.gov/Archives/edgar/data/1174610/000117461026001035/f46111d1.htm (확인 2026-10-09),2010-02-11,2011-02-25 정분할 2:1; 2012-05-11 정분할 2:1; 2014-01-24 정분할 2:1; 2017-01-12 정분할 2:1; 2018-05-24 정분할 3:1; 2021-01-21 정분할 2:1; 2022-01-13 정분할 2:1; 2025-11-20 정분할 2:1,ProShares UltraPro QQQ,"Nasdaq Inc. - 497K: ""The Index is constructed and maintained by Nasdaq Inc.""","""weighted based on market capitalization"" (top 100 non-financial Nasdaq-listed companies)","""reevaluated every December, with additional weight adjustments occurring in March, June, and September""",[부재] 발행사 문서 미명시,공식 지수 레벨,n.a.,QQQ: Nasdaq-100 Index,Yahoo ^NDX (가격수익 지수 레벨),,
UDOW,Dow Jones Industrial Average SM,발행사 1차: https://www.sec.gov/Archives/edgar/data/1174610/000117461026001038/f46084d1.htm (확인 2026-10-09),2010-02-11,2012-05-11 정분할 3:1; 2015-05-20 정분할 2:1; 2017-07-17 정분할 2:1; 2021-05-25 정분할 2:1; 2025-11-20 정분할 2:1,ProShares UltraPro Dow30,"S&P Dow Jones Indices LLC - 497K: ""The Index is constructed and maintained by S&P Dow Jon…","PRICE-weighted: the 30 companies ""are then weighted based on their price""","no scheduled rebalance stated: ""Companies may be added or removed from the Index at any time""",[부재] 발행사 문서 미명시,공식 지수 레벨,n.a.,DIA: Dow Jones Industrial Average,Yahoo ^DJI (가격수익 지수 레벨),,
TNA,Russell 2000® Index,발행사 1차: https://www.sec.gov/Archives/edgar/data/1424958/000119312526078554/d69000d497k.htm (확인 2026-10-09),2008-11-19,2013-04-02 정분할 2:1; 2017-05-01 정분할 2:1,Direxion Daily Small Cap Bull 3X Shares,"Frank Russell Company (""Russell"") named as trademark owner/licensor in ""Index Information…",[부재] 발행사 문서 미명시,[부재] 발행사 문서 미명시,[부재] 발행사 문서 미명시,공식 지수 레벨,n.a.,IWM: Russell 2000 Index,Yahoo ^RUT (가격수익 지수 레벨),,
URTY,Russell 2000® Index,발행사 1차: https://www.sec.gov/Archives/edgar/data/1174610/000117461026001039/f46112d1.htm (확인 2026-10-09),2010-02-11,2011-02-25 정분할 2:1; 2013-06-10 정분할 2:1; 2017-07-17 정분할 2:1,ProShares UltraPro Russell2000,"FTSE Russell - 497K: ""The Index is constructed and maintained by FTSE Russell.""","""weighted based on market capitalization"" (2000 smallest companies in Russell 3000)","""composition and the assigned weights are reevaluated each June and December""",[부재] 발행사 문서 미명시,공식 지수 레벨,n.a.,IWM: Russell 2000 Index,Yahoo ^RUT (가격수익 지수 레벨),,
MIDU,S&P MidCap 400® Index,발행사 1차: https://www.sec.gov/Archives/edgar/data/1424958/000119312526078509/d26681d497k.htm (확인 2026-10-09),2009-01-08,2010-05-05 정분할 3:1; 2015-05-20 정분할 4:1,Direxion Daily Mid Cap Bull 3X Shares,S&P Dow Jones Indices LLC (SPDJI),float-adjusted market-cap weighted,"""The Index rebalances quarterly""",[부재] 발행사 문서 미명시,공식 지수 레벨,n.a.,IJH: S&P MidCap 400 Index,Yahoo ^MID (가격수익 지수 레벨),,
UMDD,S&P MidCap 400® Index,발행사 1차: https://www.sec.gov/Archives/edgar/data/1174610/000117461026001048/f46095d1.htm (확인 2026-10-09),2010-02-11,2011-02-25 정분할 2:1; 2013-06-10 정분할 2:1; 2015-05-20 정분할 2:1; 2021-05-25 정분할 5:1,ProShares UltraPro MidCap400,"S&P Dow Jones Indices LLC - 497K: ""The Index is constructed and maintained by S&P Dow Jon…","""weighted based on market capitalization"" (400 mid-cap companies)","""reevaluated every September with additional weight adjustments in March, June, and December""",[부재] 발행사 문서 미명시,공식 지수 레벨,n.a.,IJH: S&P MidCap 400 Index,Yahoo ^MID (가격수익 지수 레벨),,
HIBL,S&P 500® High Beta Index,발행사 1차: https://www.sec.gov/Archives/edgar/data/1424958/000119312526078493/d99472d497k.htm (확인 2026-10-09),2019-11-07,2020-04-23 역분할 1:10; 2021-03-02 정분할 7:1,Direxion Daily S&P 500 High Beta Bull 3X Shares,"S&P Dow Jones Indices (the ""Index Provider"") - 497K strategy text; SPDJI also in ""Index I…",[부재] 발행사 문서 미명시,"""reviewed and rebalanced quarterly""",[부재] 발행사 문서 미명시,exact 1x ETF,exact,SPHB: S&P 500 High Beta Index,SPHB (동일 지수 1x ETF),,
SOXL,NYSE Semiconductor Index,발행사 1차: https://www.sec.gov/Archives/edgar/data/1424958/000119312526078540/d50601d497k.htm (확인 2026-10-09),2010-03-11,2015-05-20 정분할 4:1; 2021-03-02 정분할 15:1,Direxion Daily Semiconductor Bull 3X Shares,"ICE Data Indices, LLC","modified float-adjusted market-cap weighted, rules-based, 30 largest U.S.-listed semiconductor companies","""rebalanced quarterly and reconstituted annually""",[부재] 발행사 문서 미명시,exact 1x ETF,exact,SOXX: NYSE Semiconductor Index,SOXX (동일 지수 1x ETF),,SOXX 는 2021-06-21 에 PHLX Semiconductor 에서 NYSE Semiconductor 로 변경 — exact 는 그 이후
TECL,Technology Select Sector Index,발행사 1차: https://www.sec.gov/Archives/edgar/data/1424958/000119312526078577/d91203d497k.htm (확인 2026-10-09),2008-12-30,2010-05-05 정분할 4:1; 2015-05-20 정분할 4:1; 2021-03-02 정분할 10:1,Direxion Daily Technology Bull 3X Shares,"S&P Dow Jones Indices (the ""Index Provider"")","Select Sector: ""modified market capitalization"" weights (single-stock weight modifications to conform to Internal Revenue Code requirements); all con…","""The Index is rebalanced quarterly""",[부재] 발행사 문서 미명시,exact 1x ETF,exact,XLK: Technology Select Sector Index,XLK (동일 지수 1x ETF),,
WEBL,Dow Jones Internet Composite Index,발행사 1차: https://www.sec.gov/Archives/edgar/data/1424958/000119312526078575/d89000d497k.htm (확인 2026-10-09),2019-11-07,없음,Direxion Daily Dow Jones Internet Bull 3X Shares,"S&P Dow Jones Indices (the ""Index Provider"") - 497K strategy text; ""Index Information"" ci…",[부재] 발행사 문서 미명시,"""The Index is rebalanced quarterly""",[부재] 발행사 문서 미명시,exact 1x ETF,exact,FDN: Dow Jones Internet Composite Index,FDN (동일 지수 1x ETF),,
CURE,Health Care Select Sector Index,발행사 1차: https://www.sec.gov/Archives/edgar/data/1424958/000119312526078555/d69307d497k.htm (확인 2026-10-09),2011-06-15,2013-08-20 정분할 2:1; 2015-05-20 정분할 4:1,Direxion Daily Healthcare Bull 3X Shares,"S&P Dow Jones Indices (the ""Index Provider"")","Select Sector: ""modified market capitalization"" weights (single-stock weight modifications to conform to Internal Revenue Code requirements); all con…","""The Index is rebalanced quarterly""",[부재] 발행사 문서 미명시,exact 1x ETF,exact,XLV: Health Care Select Sector Index,XLV (동일 지수 1x ETF),,
PILL,S&P Pharmaceuticals Select Industry Index,발행사 1차: https://www.sec.gov/Archives/edgar/data/1424958/000119312526078517/d30541d497k.htm (확인 2026-10-09),2017-11-15,없음,Direxion Daily Pharmaceutical & Medical Bull 3X Shares ETF,S&P Dow Jones Indices LLC (SPDJI),"modified equal-weighted (the 497K gives only size/liquidity eligibility thresholds, not the weight-modification/cap rules)","""The Index is rebalanced quarterly""",[부재] 발행사 문서 미명시,exact 1x ETF,exact,XPH: S&P Pharmaceuticals Select Industry Index,XPH (동일 지수 1x ETF),,
LABU,S&P Biotechnology Select Industry Index,발행사 1차: https://www.sec.gov/Archives/edgar/data/1424958/000119312526078516/d30496d497k.htm (확인 2026-10-09),2015-05-28,2016-03-24 역분할 1:4; 2023-12-04 역분할 1:20,Direxion Daily S&P Biotech Bull 3X Shares,"S&P Dow Jones Indices (the ""Index Provider"")","modified equal-weighted (the 497K gives only size/liquidity eligibility thresholds, not the weight-modification/cap rules)","""The Index is rebalanced quarterly""",[부재] 발행사 문서 미명시,exact 1x ETF,exact,XBI: S&P Biotechnology Select Industry Index,XBI (동일 지수 1x ETF),,
FAS,Financial Select Sector Index,발행사 1차: https://www.sec.gov/Archives/edgar/data/1424958/000119312526078524/d36113d497k.htm (확인 2026-10-09),2008-11-19,2009-07-09 역분할 1:5; 2010-05-05 정분할 3:1; 2011-11-10 역분할 1:5; 2013-04-02 정분할 3:1; 2015-05-20 정분할 4:1,Direxion Daily Financial Bull 3X Shares,"S&P Dow Jones Indices (the ""Index Provider"")","Select Sector: ""modified market capitalization"" weights (single-stock weight modifications to conform to Internal Revenue Code requirements); all con…","""The Index is rebalanced quarterly""",[부재] 발행사 문서 미명시,exact 1x ETF,exact,XLF: Financial Select Sector Index,XLF (동일 지수 1x ETF),,
DPST,S&P Regional Banks Select Industry Index,발행사 1차: https://www.sec.gov/Archives/edgar/data/1424958/000119312526078566/d78907d497k.htm (확인 2026-10-09),2015-08-20,2020-04-23 역분할 1:10; 2021-10-25 정분할 5:1; 2023-06-05 역분할 1:10,Direxion Daily Regional Banks Bull 3X Shares,S&P Dow Jones Indices LLC (SPDJI),"modified equal-weighted (the 497K gives only size/liquidity eligibility thresholds, not the weight-modification/cap rules)","""The Index is rebalanced quarterly""",[부재] 발행사 문서 미명시,exact 1x ETF,exact,KRE: S&P Regional Banks Select Industry Index,KRE (동일 지수 1x ETF),,
DFEN,Dow Jones U.S. Select Aerospace & Defense Index,발행사 1차: https://www.sec.gov/Archives/edgar/data/1424958/000119312526078618/d832304d497k.htm (확인 2026-10-09),2017-05-03,없음,Direxion Daily Aerospace & Defense Bull 3X Shares,"S&P Dow Jones Indices LLC (the ""Index Provider"")","497K text: Index Provider selects stocks ""on the basis of the float-adjusted, market capitalization-weight of each constituent"" - wording ambiguous; …","""The Index is rebalanced quarterly""",[부재] 발행사 문서 미명시,exact 1x ETF,exact,ITA: Dow Jones U.S. Select Aerospace & Defense Index,ITA (동일 지수 1x ETF),,
DUSL,Industrials Select Sector Index,발행사 1차: https://www.sec.gov/Archives/edgar/data/1424958/000119312526078632/d292022d497k.htm (확인 2026-10-09),2017-05-03,없음,Direxion Daily Industrials Bull 3X Shares,"S&P Dow Jones Indices (the ""Index Provider"")","Select Sector: ""modified market capitalization"" weights (single-stock weight modifications to conform to Internal Revenue Code requirements); all con…","""The Index is rebalanced quarterly""",[부재] 발행사 문서 미명시,exact 1x ETF,exact(정규화: 'Industrials'↔'Industrial' 1글자 차),XLI: Industrial Select Sector Index,XLI (동일 지수 1x ETF),,
TPOR,S&P Transportation Select Industry FMC Capped Index,발행사 1차: https://www.sec.gov/Archives/edgar/data/1424958/000119312526078603/d190978d497k.htm (확인 2026-10-09),2017-05-03,없음,Direxion Daily Transportation Bull 3X Shares,"S&P Dow Jones Indices (the ""Index Provider"")","FMC Capped: float-adjusted market-value weighted, with caps applied at each quarterly rebalance: (i) any single issuer max 22.5%; (ii) aggregate weig…","""The Index is rebalanced quarterly""",[부재] 발행사 문서 미명시,exact 1x ETF + 지수 레벨(구간 분할),"exact(IYT 문서, 지수 변경 2021-07-19 이후)",IYT: S&P Transportation Select Industry FMC Capped Index,"IYT(exact: S&P Transportation Select Industry FMC Capped, 2021-07-19~) + 2022-07-29 이전은 ^DJT",,TPOR 는 2022-08-01 이전 Dow Jones Transportation Average 추종(발행사 497K) — 그 구간은 ^DJT
RETL,S&P Retail Select Industry Index,발행사 1차: https://www.sec.gov/Archives/edgar/data/1424958/000119312526078609/d481142d497k.htm (확인 2026-10-09),2010-07-14,2013-04-02 정분할 3:1; 2015-05-20 정분할 4:1; 2020-04-23 역분할 1:10; 2021-01-11 정분할 5:1; 2021-10-25 정분할 5:1,Direxion Daily Retail Bull 3X Shares,S&P Dow Jones Indices LLC (SPDJI),"modified equal-weighted (the 497K gives only size/liquidity eligibility thresholds, not the weight-modification/cap rules)","""The Index is rebalanced quarterly""",[부재] 발행사 문서 미명시,exact 1x ETF,exact,XRT: S&P Retail Select Industry Index,XRT (동일 지수 1x ETF),,
WANT,Consumer Discretionary Select Sector Index,발행사 1차: https://www.sec.gov/Archives/edgar/data/1424958/000119312526078507/d25566d497k.htm (확인 2026-10-09),2018-11-29,없음,Direxion Daily Cnsmr Discret Bull 3XShrs,"S&P Dow Jones Indices (the ""Index Provider"")","Select Sector: ""modified market capitalization"" weights (single-stock weight modifications to conform to Internal Revenue Code requirements); all con…","""The Index is rebalanced quarterly""",[부재] 발행사 문서 미명시,exact 1x ETF,exact,XLY: Consumer Discretionary Select Sector Index,XLY (동일 지수 1x ETF),,
NAIL,Dow Jones U.S. Select Home Construction Index,발행사 1차: https://www.sec.gov/Archives/edgar/data/1424958/000119312526078539/d49064d497k.htm (확인 2026-10-09),2015-08-19,없음,Direxion Daily Homebuilders & Supplies Bull 3X Shares,[부재] 발행사 문서 미명시,Capped; underlying weighting basis NOT stated. Rules: single company max 22.5% (excess redistributed iteratively); aggregate of companies with weight…,"""The Index is rebalanced quarterly""",[부재] 발행사 문서 미명시,exact 1x ETF,exact,ITB: Dow Jones U.S. Select Home Construction Index,ITB (동일 지수 1x ETF),,
DRN,Real Estate Select Sector Index,발행사 1차: https://www.sec.gov/Archives/edgar/data/1424958/000119312526078562/d77019d497k.htm (확인 2026-10-09),2009-07-16,2010-05-05 정분할 4:1; 2013-04-02 정분할 2:1; 2016-08-25 정분할 4:1,Direxion Daily Real Estate Bull 3X Shares,"S&P Dow Jones Indices (the ""Index Provider"")","Select Sector: ""modified market capitalization"" weights (single-stock weight modifications to conform to Internal Revenue Code requirements); all con…","""The Index is rebalanced quarterly""",[부재] 발행사 문서 미명시,exact 1x ETF,exact,XLRE: Real Estate Select Sector Index,XLRE (동일 지수 1x ETF),,
UTSL,Utilities Select Sector Index,발행사 1차: https://www.sec.gov/Archives/edgar/data/1424958/000119312526078545/d59163d497k.htm (확인 2026-10-09),2017-05-03,없음,Direxion Daily Utilities Bull 3X Shares,"S&P Dow Jones Indices (the ""Index Provider"")","Select Sector: ""modified market capitalization"" weights (single-stock weight modifications to conform to Internal Revenue Code requirements); all con…","""The Index is rebalanced quarterly""",[부재] 발행사 문서 미명시,exact 1x ETF,exact,XLU: Utilities Select Sector Index,XLU (동일 지수 1x ETF),,
FNGU,NYSE FANG+(R) Index - gross total return version,발행사 1차: BMO 가격보충서/상품 페이지 (FNGB_A11 line 309) (확인 2026-10-09),2025-02-20,없음,MicroSectors FANG+ 3X Leveraged,"ICE Data Indices, LLC (Index Sponsor; calculates, publishes)",equal weight (10% each at quarterly reconstitution; weights drift between reconstitutions),quarterly reconstitution + reweighting after close of 3rd Friday of Mar/Jun/Sep/Dec; reference date = last trading day of month preceding; announceme…,GTR,공식 지수 레벨,n.a.,NYSE FANG+ Index (gross TR),microsectors.com nyfangt_index1.json (발행사 공시 지수 레벨),~2017-09-25 ^NYFANG(가격수익),
BULZ,Solactive FANG Innovation Index,발행사 1차: BMO 가격보충서/상품 페이지 (BULZ_A28 line 177) (확인 2026-10-09),2021-08-18,2022-10-31 역분할 1:10; 2026-02-24 정분할 10:1,MicroSectors Solactive FANG Innovation 3X Leveraged ETNs,Solactive AG (Index Sponsor; publishes the level),"equal weight, re-equalised monthly",monthly equal-weight rebalance after close on 3rd Friday; constituents (re)selected on first day of Mar/Jun/Sep/Dec (quarterly reconstitution),TR (gross vs net not specified in PS; reinvestment of dividends),공식 지수 레벨,n.a.,Solactive FANG Innovation Index (TR),microsectors.com solfangt_index1.json (발행사 공시 지수 레벨),~2021-06-07 SG 인증서 DE000SL0DF12,
BNKU,Solactive MicroSectors(TM) U.S. Big Banks Index - gross total return version,발행사 1차: BMO 가격보충서/상품 페이지 (BNKU_A2 line 256) (확인 2026-10-09),2025-02-20,없음,MicroSectors™ U.S. Big Banks 3x Leveraged ETNs,Solactive AG (Index Sponsor; calculates and publishes; developed in collaboration with RE…,"equal weight, reset on each monthly Adjustment Day","monthly: Selection Day = first business day of month; Adjustment Day = 3rd Friday; full re-selection each March, monthly buffer review (top-13 rank r…",GTR,공식 지수 레벨,n.a.,Solactive MicroSectors U.S. Big Banks Index (GTR),microsectors.com solusbbt_index1.json (발행사 공시 지수 레벨),~2019-01-24 SG 인증서 DE000SLA7WC8,
NRGU,Solactive MicroSectors(TM) U.S. Big Oil Index - gross total return version,발행사 1차: BMO 가격보충서/상품 페이지 (NRGU_A2 line 256) (확인 2026-10-09),2025-02-20,없음,Microsectors U.S. Big Oil 3x Leveraged ETNs,Solactive AG (Index Sponsor; calculates and publishes; developed in collaboration with RE…,"equal weight, reset on each monthly Adjustment Day","monthly: Selection Day = first business day of month; Adjustment Day = 3rd Friday; full re-selection each March, monthly top-13 buffer review otherwi…",GTR,공식 지수 레벨,n.a.,Solactive MicroSectors U.S. Big Oil Index (GTR),microsectors.com solusbot_index1.json (발행사 공시 지수 레벨),~2019-03-11 SG 인증서 DE000SLA7WX4,
OILU,Solactive MicroSectors(TM) Oil & Gas Exploration & Production Index,발행사 1차: BMO 가격보충서/상품 페이지 (OILU_A4 line 13) (확인 2026-10-09),2021-11-09,없음,MicroSectorsTM Oil & Gas Exploration & Production 3X Leveraged ETNs,Solactive AG (Index Sponsor; calculates level to 2 decimals),[부재] 발행사 문서 미명시,monthly rebalance; component selection on first day of Mar/Jun/Sep/Dec (quarterly),TR (gross vs net not specified),공식 지수 레벨,n.a.,Solactive MicroSectors Oil & Gas Exploration & Production Index (GTR),microsectors.com soloilt_index1.json (발행사 공시 지수 레벨),~2021-10-19 SG 인증서 DE000SL0EDX2,
GDXU,S-Network MicroSectors(TM) Gold Miners Index,발행사 1차: BMO 가격보충서/상품 페이지 (GDXU_A28 line 13) (확인 2026-10-09),2020-12-03,2022-10-31 역분할 1:10,MicroSectors Gold Miners 3X Leveraged ETNs,VettaFi LLC (Index Sponsor; end-of-day closing level),"market-capitalisation weighted across the two ETFs (GDX, GDXJ) via Index Shares; no cap stated","quarterly review/rebalance effective at close of 3rd Friday of the ""Rebalancing Month"" (third month of each calendar quarter); snapshot date = last t…",TR (gross vs net not specified),공식 지수 레벨,n.a.,S-Network MicroSectors Gold Miners Index (TR),microsectors.com miners_index1.json (발행사 공시 지수 레벨),~2020-08-19 GDX/GDXJ 구성 복제(Adj Close),
AIQU,BITA AI Leaders Select NTR US Index,발행사 1차: BMO 가격보충서/상품 페이지 (AIQU_PS line 235) (확인 2026-10-09),2026-06-02,없음,"MicroSectors - MicroSectors 3× Long Artificial Intelligence (AI) ETNs due May 30, 2046","BITA GmbH (Index Sponsor; calculates, administers and publishes)",composite: Purity Leaders (5 names) = 40% of index weighted by 12m ADTV; Key Enablers (20 names) = 60% equal-weighted; each constituent capped at 10%…,monthly rebalance at close of 3rd Friday; quarterly reconstitution (Mar/Jun/Sep/Dec) at close of 3rd Friday; determination date = 1st Friday of the m…,NTR,공식 지수 레벨,n.a.,BITA AI Leaders Select NTR US Index,microsectors.com bailsn_index1.json (발행사 공시 지수 레벨),~2026-05-14 25종 복제,
SMHU,VettaFi Semiconductor Fund-Tracking Index,발행사 1차: BMO 가격보충서/상품 페이지 (SMHU_PS line 232) (확인 2026-10-09),2026-08-04,없음,MicroSectors™ 3× Long Semiconductor ETNs,VettaFi LLC (Index Sponsor; calculates and publishes),"single constituent, target weight 100%",quarterly rebalance & reconstitution at close of 3rd Friday of each calendar quarter (trivial for 1 constituent),"TR (gross vs net not specified; ETF dividends/distributions reinvested, recognised day after ex-date)",공식 지수 레벨,n.a.,"VettaFi Semiconductor Fund-Tracking Index (SMH 100%, TR)",microsectors.com semis_index1.json (발행사 공시 지수 레벨),~2026-07-10 SMH 총수익(Adj Close; SEMIS 의 정의),
MNGU,NYSE(R) MaNGoS+ Index - net total return version,발행사 1차: BMO 가격보충서/상품 페이지 (MNGU_PS line 238) (확인 2026-10-09),2026-08-27,없음,MicroSectors 3× Long MANGOS+ ex Private Companies ETN,"ICE Data Indices, LLC (Index Sponsor / administrator)","equal weight, 10% each at quarterly reconstitution",quarterly reconstitution after close of 3rd Friday of Mar/Jun/Sep/Dec; reference date = last index business day of preceding month; announcement 2nd …,NTR,공식 지수 레벨,n.a.,NYSE MaNGoS+ Index (NTR),microsectors.com mangosn_index1.json (발행사 공시 지수 레벨),~2026-08-18 10종 복제,
XLCU,VettaFi US Communications Fund-Tracking Index,발행사 1차: BMO 가격보충서/상품 페이지 (XLCU_PS line 231) (확인 2026-10-09),2026-09-11,없음,MicroSectors 3x Long Communication Services (XLC) ETNs,VettaFi LLC (Index Sponsor; calculates and publishes),"single constituent, target weight 100%",quarterly rebalance & reconstitution at close of 3rd Friday of each calendar quarter (trivial for 1 constituent),"TR (gross vs net not specified; reference-fund dividends reinvested, recognised day after ex-date; tracks ETF…",공식 지수 레벨,n.a.,"VettaFi US Communications Fund-Tracking Index (XLC 100%, TR)",microsectors.com vxlcf_index1.json (발행사 공시 지수 레벨),~2026-07-10 XLC 총수익(Adj Close; VXLCF 의 정의),
XLPU,VettaFi US Consumer Staples Fund-Tracking Index,발행사 1차: BMO 가격보충서/상품 페이지 (XLPU_PS line 231) (확인 2026-10-09),2026-09-11,없음,MicroSectors 3x Long Consumer Staples (XLP) ETNs,VettaFi LLC (Index Sponsor; calculates and publishes),"single constituent, target weight 100%",quarterly rebalance & reconstitution at close of 3rd Friday of each calendar quarter (trivial for 1 constituent),"TR (gross vs net not specified; reference-fund dividends reinvested, recognised day after ex-date; tracks ETF…",공식 지수 레벨,n.a.,"VettaFi US Consumer Staples Fund-Tracking Index (XLP 100%, TR)",microsectors.com vxlpf_index1.json (발행사 공시 지수 레벨),~2026-07-10 XLP 총수익(Adj Close; VXLPF 의 정의),
FLYU,MerQube MicroSectors(TM) U.S. Travel Index,발행사 1차: BMO 가격보충서/상품 페이지 (FLYU_PS line 8) (확인 2026-10-09),2022-06-22,없음,MicroSectors Travel 3X Leveraged ETNs,"MerQube, Inc. (Index Sponsor; publishes the level)","liquidity weighted: each component weighted by average of (close x total volume) over preceding 12 months, subject to caps",monthly rebalance; component selection on last business day of Feb/May/Aug/Nov (quarterly),NTR,공식 지수 레벨,n.a.,MerQube MicroSectors U.S. Travel Index (NTR),microsectors.com mqustrav_index1.json (발행사 공시 지수 레벨),~2021-10-29 34종 복제,
