date,ticker,group,type,issuer,proxy,approx,d3,d1,listed_days,adtv,zero_vol,close3,sig,rsA,f1b,c1_ma200,above200,beta,r2,n_beta,proxy_measured,table,reason,has_feats,p_sig,p_rsA,p_f1b,M,rank,d_rank,provisional,backfill
2026-10-07,SPXL,A,ETF,Direxion,SPY,0,2026-10-07,2026-10-07,4507,455.4370169129944,0,296.9100036621094,0.11070017562158069,0.14048337380169396,0.06087925895561641,0.07649239097128735,1,3.0,0.998,252,2026-10-09,적격,,1,0.022727272727272728,0.4318181818181818,0.6136363636363636,35.6060606060606,13.0,1,1,0
2026-10-07,UPRO,A,ETF,ProShares,SPY,0,2026-10-07,2026-10-07,4348,284.5542124447632,0,155.16000366210938,0.11070017562158069,0.14048337380169396,0.06087925895561641,0.07649239097128735,1,2.99,0.998,252,2026-10-09,적격,,1,0.022727272727272728,0.4318181818181818,0.6136363636363636,35.6060606060606,13.0,1,1,0
2026-10-07,TQQQ,A,ETF,ProShares,QQQ,0,2026-10-07,2026-10-07,4189,3811.924607716408,0,83.62000274658203,0.1826768041077543,0.18207691066165266,0.07540459079049766,0.12948096356679617,1,2.97,0.999,252,2026-10-09,적격,,1,0.5454545454545454,0.6818181818181818,0.7272727272727273,65.15151515151516,7.0,1,1,0
2026-10-07,UDOW,A,ETF,ProShares,DIA,0,2026-10-07,2026-10-07,4189,123.9100332788086,0,63.720001220703125,0.11725324771428945,0.13107281603758758,0.045568204293450876,0.015559288147122263,1,2.98,0.998,252,2026-10-09,적격,,1,0.09090909090909091,0.36363636363636365,0.36363636363636365,27.272727272727277,20.0,0,1,0
2026-10-07,TNA,A,ETF,Direxion,IWM,0,2026-10-07,2026-10-07,4497,291.3966465529823,0,57.43000030517578,0.13367687302749975,0.1939144132837587,0.05445446560148093,0.0032411563982739366,1,2.97,0.996,252,2026-10-09,적격,,1,0.29545454545454547,0.75,0.4772727272727273,50.75757575757576,10.0,-1,1,0
2026-10-07,URTY,A,ETF,ProShares,IWM,0,2026-10-07,2026-10-07,4189,26.853442230186463,0,66.62999725341797,0.13367687302749975,0.1939144132837587,0.05445446560148093,0.0032411563982739366,1,2.98,0.995,252,2026-10-09,적격,,1,0.29545454545454547,0.75,0.4772727272727273,50.75757575757576,10.0,-1,1,0
2026-10-07,MIDU,A,ETF,Direxion,IJH,0,2026-10-07,2026-10-07,4464,1.4292556024169922,0,61.060001373291016,0.12070718300651535,0.14389805331149663,0.035761710539562674,0.0027252759049070097,1,2.97,0.996,252,2026-10-09,적격,,1,0.18181818181818182,0.5,0.3181818181818182,33.33333333333333,15.0,1,1,0
2026-10-07,UMDD,A,ETF,ProShares,IJH,0,2026-10-07,2026-10-07,4189,0.1225298992061615,0,30.690000534057617,0.12070718300651535,0.14389805331149663,0.035761710539562674,0.0027252759049070097,1,2.99,0.992,252,2026-10-09,대기,E2 20일 평균 거래대금 $0.12M<$1.0M,1,0.1956521739130435,0.5,0.32608695652173914,34.05797101449276,,,1,0
2026-10-07,HIBL,A,ETF,Direxion,SPHB,0,2026-10-07,2026-10-07,1737,3.9751527001953124,0,119.1999969482422,0.26983458871879423,0.3216338492308617,0.09120139816394235,0.1438625402598499,1,3.01,0.994,252,2026-10-09,적격,,1,0.8181818181818182,0.9090909090909091,0.8181818181818182,84.84848484848484,3.0,0,1,0
2026-10-07,SOXL,B,ETF,Direxion,SOXX,0,2026-10-07,2026-10-07,4170,8167.131768765106,0,158.91000366210938,0.44278512200966486,0.832431860370114,0.16255018404659904,0.26811567744754705,1,2.94,0.998,252,2026-10-09,적격,,1,0.9545454545454546,1.0,1.0,98.48484848484848,1.0,0,1,0
2026-10-07,TECL,B,ETF,Direxion,XLK,0,2026-10-07,2026-10-07,4470,100.76923572746277,0,252.47000122070312,0.2508841605042329,0.306467254034533,0.13337079976338329,0.21433101912006425,1,2.99,0.994,252,2026-10-09,적격,,1,0.7727272727272727,0.8636363636363636,0.9090909090909091,84.84848484848484,3.0,0,1,0
2026-10-07,WEBL,B,ETF,Direxion,FDN,0,2026-10-07,2026-10-07,1737,1.636443435678482,0,30.299999237060547,0.2043111601514265,0.022831476419557406,0.08281628070540159,0.10890539210624262,1,2.98,0.999,252,2026-10-09,적격,,1,0.7272727272727273,0.13636363636363635,0.7727272727272727,54.54545454545454,9.0,2,1,0
2026-10-07,CURE,B,ETF,Direxion,XLV,0,2026-10-07,2026-10-07,3851,5.200384053840637,0,129.7899932861328,0.1654550818672751,0.15965869098812413,0.07533129372928982,0.07582455481230221,1,2.95,0.994,252,2026-10-09,적격,,1,0.5,0.6363636363636364,0.6818181818181818,60.606060606060595,8.0,-3,1,0
2026-10-07,PILL,B,ETF,Direxion,XPH,0,2026-10-07,2026-10-07,2234,0.8039706961822509,0,14.289999961853027,0.21861651780679323,0.44725469273253515,0.127417934083621,0.02917887682987197,1,2.89,0.984,252,2026-10-09,대기,E2 20일 평균 거래대금 $0.80M<$1.0M,1,0.7391304347826086,0.9130434782608695,0.8695652173913043,84.05797101449274,,,1,0
2026-10-07,LABU,B,ETF,Direxion,XBI,0,2026-10-07,2026-10-07,2858,102.26320196655273,0,227.75,0.2901308331071468,0.5624275726496657,0.13554814177501817,0.0784641041163221,1,2.99,0.998,252,2026-10-09,적격,,1,0.9090909090909091,0.9545454545454546,0.9545454545454546,93.93939393939394,2.0,0,1,0
2026-10-07,FAS,B,ETF,Direxion,XLF,0,2026-10-07,2026-10-07,4497,71.13220681266785,0,142.83999633789062,0.12021545769863974,0.06703907677792054,0.054519247508539426,0.00092550680586867,1,2.94,0.968,252,2026-10-09,적격,,1,0.13636363636363635,0.2727272727272727,0.5454545454545454,31.818181818181817,16.0,0,1,0
2026-10-07,DPST,B,ETF,Direxion,KRE,0,2026-10-07,2026-10-07,2799,27.2341359003067,0,106.81999969482422,0.15880854202662611,0.15946328295639112,0.04726374621292062,-0.02465338168107145,0,2.97,0.995,252,2026-10-09,적격,,1,0.45454545454545453,0.5909090909090909,0.4090909090909091,48.484848484848484,12.0,0,1,0
2026-10-07,DFEN,B,ETF,Direxion,ITA,0,2026-10-07,2026-10-07,2371,18.640888969535826,0,44.5,0.20403547348053272,0.05165841246713754,-0.007968453725336166,-0.11652092258215718,0,3.0,0.981,252,2026-10-09,적격,,1,0.6818181818181818,0.18181818181818182,0.09090909090909091,31.818181818181817,16.0,-3,1,0
2026-10-07,DUSL,B,ETF,Direxion,XLI,0,2026-10-07,2026-10-07,2371,1.0653222635650634,0,74.83999633789062,0.15105745803470774,0.12434727440835669,0.020250357097150173,-0.027408059369277038,0,2.96,0.959,252,2026-10-09,적격,,1,0.36363636363636365,0.3181818181818182,0.2727272727272727,31.818181818181817,16.0,신규,1,0
2026-10-07,TPOR,B,ETF,Direxion,IYT,0,2026-10-07,2026-10-07,2371,0.4405383038234711,0,30.43000030517578,0.15672774619661115,0.1319235711643454,0.02784181198572866,-0.029686071278836268,0,2.91,0.992,252,2026-10-09,대기,E2 20일 평균 거래대금 $0.44M<$1.0M,1,0.43478260869565216,0.391304347826087,0.30434782608695654,37.68115942028986,,,1,0
2026-10-07,RETL,B,ETF,Direxion,XRT,0,2026-10-07,2026-10-07,4084,2.036212660300732,0,7.289999961853027,0.19489119533026006,0.004100743765416803,0.006697936002795446,-0.032364561332901,0,2.95,0.996,252,2026-10-09,적격,,1,0.5909090909090909,0.09090909090909091,0.13636363636363635,27.272727272727277,20.0,-1,1,0
2026-10-07,WANT,B,ETF,Direxion,XLY,0,2026-10-07,2026-10-07,1973,0.7163689950180053,0,34.849998474121094,0.1911660090107918,-0.04968736336895774,-0.01566524997279284,-0.04183578673941357,0,2.96,0.997,252,2026-10-09,대기,E2 20일 평균 거래대금 $0.72M<$1.0M,1,0.5652173913043478,0.043478260869565216,0.08695652173913043,23.18840579710145,,,1,0
2026-10-07,NAIL,B,ETF,Direxion,ITB,0,2026-10-07,2026-10-07,2800,62.91817703313828,0,25.829999923706055,0.28308263226150904,-0.14906539203964675,-0.0400049424163067,-0.12804466955908334,0,2.98,0.997,252,2026-10-09,적격,,1,0.8636363636363636,0.0,0.045454545454545456,30.303030303030305,19.0,-3,1,0
2026-10-07,DRN,B,ETF,Direxion,XLRE,0,2026-10-07,2026-10-07,4334,15.803881230840682,0,8.0600004196167,0.12339079088709431,0.05376864346306376,0.009426748715688715,-0.06091333175423774,0,2.95,0.98,252,2026-10-09,적격,,1,0.22727272727272727,0.22727272727272727,0.18181818181818182,21.21212121212121,22.0,-1,1,0
2026-10-07,UTSL,B,ETF,Direxion,XLU,0,2026-10-07,2026-10-07,2371,9.14155434185028,0,32.93000030517578,0.1521747680799943,-0.03197053831469843,-0.04446393377884483,-0.07211772312172793,0,2.97,0.988,252,2026-10-09,적격,,1,0.4090909090909091,0.045454545454545456,0.0,15.151515151515152,23.0,-1,1,0
2026-10-07,FNGU,C,ETN,BMO MicroSectors,FNGS,1,2026-10-07,2026-10-07,410,82.61707446405411,0,37.20000076293945,0.20288246484790012,0.1460964446123807,0.12110158311316299,0.18368261187868073,1,2.86,0.97,252,2026-10-09,적격,,1,0.6363636363636364,0.5454545454545454,0.8636363636363636,68.18181818181817,5.0,2,1,0
2026-10-07,BULZ,C,ETN,BMO MicroSectors,QQQ,1,2026-10-07,2026-10-07,1290,17.031486359081267,0,46.099998474121094,0.1826768041077543,0.18207691066165266,0.07540459079049766,0.12948096356679617,1,4.16,0.885,252,2026-10-09,대기,"E4 1x 대리 품질 미달(β 4.16, R² 0.89, n=252)",1,0.5434782608695652,0.6739130434782609,0.717391304347826,64.49275362318842,,,1,0
2026-10-07,BNKU,C,ETN,BMO MicroSectors,KBWB,1,2026-10-07,2026-10-07,410,0.48209946642875673,0,31.170000076293945,0.1672212119526136,0.24945041327777062,0.0634381558758812,-0.024756189337341916,0,2.78,0.913,252,2026-10-09,대기,E2 20일 평균 거래대금 $0.48M<$1.0M,1,0.5217391304347826,0.782608695652174,0.6521739130434783,65.21739130434783,,,1,0
2026-10-07,NRGU,C,ETN,BMO MicroSectors,XLE,1,2026-10-07,2026-10-07,410,3.3628482136154174,0,57.5,0.2065417268977377,0.44980409063635474,0.09805204769889952,0.11467364576035566,1,3.51,0.906,252,2026-10-09,대기,"E4 1x 대리 품질 미달(β 3.51, R² 0.91, n=252)",1,0.7391304347826086,0.9130434782608695,0.8260869565217391,82.6086956521739,,,1,0
2026-10-07,OILU,C,ETN,BMO MicroSectors,XOP,0,2026-10-07,2026-10-07,1232,4.003393314762116,0,49.2599983215332,0.273747180732485,0.44547158020549915,0.11921872622468066,0.14367060911215712,1,2.13,0.849,252,2026-10-09,대기,"E4 1x 대리 품질 미달(β 2.13, R² 0.85, n=252)",1,0.8260869565217391,0.9130434782608695,0.8260869565217391,85.50724637681158,,,1,0
2026-10-07,GDXU,C,ETN,BMO MicroSectors,GDX,0,2026-10-07,2026-10-07,1467,198.5494933655548,0,96.04000091552734,0.47734155448020577,0.25187638847506255,0.011438873534868721,-0.0620618577207207,0,3.03,0.997,252,2026-10-09,적격,,1,1.0,0.8181818181818182,0.22727272727272727,68.18181818181817,5.0,1,1,0
2026-10-07,AIQU,C,ETN,BMO MicroSectors,AIQ,1,2026-10-07,2026-10-07,89,0.16283450121879578,0,22.690000534057617,0.2557173801617411,0.2596944372286949,0.10730097596372934,0.157743622496185,1,2.64,0.801,89,2026-10-09,대기,"E1 상장 89거래일<252; E2 20일 평균 거래대금 $0.16M<$1.0M; E4 1x 대리 품질 미달(β 2.64, R² 0.80, n=89)",1,0.782608695652174,0.8260869565217391,0.8260869565217391,81.15942028985508,,,1,0
2026-10-07,SMHU,C,ETN,BMO MicroSectors,SMH,0,2026-10-07,2026-10-07,46,0.2557692990684509,0,34.38999938964844,0.37466168748950457,0.6708310685258174,0.14118765486392704,0.24072176441640636,1,2.96,0.994,46,2026-10-09,대기,"E1 상장 46거래일<252; E2 20일 평균 거래대금 $0.26M<$1.0M; E4 1x 대리 품질 미달(β 2.96, R² 0.99, n=46)",1,0.9130434782608695,0.9565217391304348,0.9565217391304348,94.20289855072464,,,1,0
2026-10-07,MNGU,C,ETN,BMO MicroSectors,QQQ,1,2026-10-07,2026-10-07,29,0.18837884791374207,0,35.81999969482422,0.1826768041077543,0.18207691066165266,0.07540459079049766,0.12948096356679617,1,4.03,0.907,29,2026-10-09,대기,"E1 상장 29거래일<252; E2 20일 평균 거래대금 $0.19M<$1.0M; E4 1x 대리 품질 미달(β 4.03, R² 0.91, n=29)",1,0.5434782608695652,0.6739130434782609,0.717391304347826,64.49275362318842,,,1,0
2026-10-07,XLCU,C,ETN,BMO MicroSectors,XLC,0,2026-10-07,2026-10-07,19,0.005937907602209794,12,25.122299194335938,0.20608433810582472,-0.0428289880840399,-0.017725718747998553,-0.021623025505263738,0,,,18,2026-10-09,대기,E1 상장 19거래일<252; E2 20일 평균 거래대금 $0.01M<$1.0M; E3 최근 20봉 무거래 12봉>1; E4 1x 대리 품질 미달(표본 18<60),1,0.7391304347826086,0.043478260869565216,0.08695652173913043,28.985507246376805,,,1,0
2026-10-07,XLPU,C,ETN,BMO MicroSectors,XLP,0,2026-10-07,2026-10-07,19,0.002531339001304225,14,24.52470016479492,0.15095403297297882,0.08468884115838748,0.004610866938194125,-0.024577813427616113,0,,,18,2026-10-09,대기,E1 상장 19거래일<252; E2 20일 평균 거래대금 $0.00M<$1.0M; E3 최근 20봉 무거래 14봉>1; E4 1x 대리 품질 미달(표본 18<60),1,0.34782608695652173,0.30434782608695654,0.13043478260869565,26.08695652173913,,,1,0
2026-10-07,FLYU,C,ETN,BMO MicroSectors,JETS,1,2026-10-07,2026-10-07,1078,0.042997260513305664,0,34.25199890136719,0.2717165939782309,0.1249503144392976,0.03590185568749238,-0.03054127425709663,0,2.03,0.741,252,2026-10-09,대기,"E2 20일 평균 거래대금 $0.04M<$1.0M; E4 1x 대리 품질 미달(β 2.03, R² 0.74, n=252)",1,0.8260869565217391,0.34782608695652173,0.34782608695652173,50.724637681159415,,,1,0
